<?xml version="1.0"?>
<!--
/**
 * Mageinn_Hint extension
 *
 * NOTICE OF LICENSE
 *
 * This source file is subject to the Open Software License (OSL 3.0)
 * that is bundled with this package in the file LICENSE.txt.
 * It is also available through the world-wide-web at this URL:
 * http://opensource.org/licenses/osl-3.0.php
 * If you did not receive a copy of the license and are unable to
 * obtain it through the world-wide-web, please send an email
 * to license@magentocommerce.com so we can send you a copy immediately.
 *
 * @category    Mageinn
 * @package     Mageinn_AdminExtra
 * @copyright   Copyright (c) 2017 Mageinn. (http://mageinn.com/)
 * @license     http://opensource.org/licenses/osl-3.0.php  Open Software License (OSL 3.0)
 */

/**
 * @category   Mageinn
 * @package    Mageinn_Hint
 * @author     Mageinn
 */
-->
<config xmlns:xsi="http://www.w3.org/2001/XMLSchema-instance" xsi:noNamespaceSchemaLocation="urn:magento:framework:ObjectManager/etc/config.xsd">
    <virtualType name="Magento\Catalog\Ui\DataProvider\Product\Form\Modifier\Pool">
        <arguments>
            <argument name="modifiers" xsi:type="array">
                <item name="custom-options-hints" xsi:type="array">
                    <item name="class" xsi:type="string">Mageinn\Hint\Ui\DataProvider\Product\Form\Modifier\CustomOptions</item>
                    <item name="sortOrder" xsi:type="number">100</item>
                </item>
            </argument>
        </arguments>
    </virtualType>
    <type name="Magento\Catalog\Controller\Adminhtml\Product\Initialization\Helper">
        <plugin name="mageinn_hint_product_initialization" type="Mageinn\Hint\Helper\Controller\Adminhtml\Product\Initialization\Helper" sortOrder="10" />
    </type>
</config>