<!--
/**
 * Mageinn_Hint extension
 *
 * NOTICE OF LICENSE
 *
 * This source file is subject to the Open Software License (OSL 3.0)
 * that is bundled with this package in the file LICENSE.txt.
 * It is also available through the world-wide-web at this URL:
 * http://opensource.org/licenses/osl-3.0.php
 * If you did not receive a copy of the license and are unable to
 * obtain it through the world-wide-web, please send an email
 * to license@magentocommerce.com so we can send you a copy immediately.
 *
 * @category    Mageinn
 * @package     Mageinn_AdminExtra
 * @copyright   Copyright (c) 2017 Mageinn. (http://mageinn.com/)
 * @license     http://opensource.org/licenses/osl-3.0.php  Open Software License (OSL 3.0)
 */

/**
 * @category   Mageinn
 * @package    Mageinn_Hint
 * @author     Mageinn
 */
-->
<config xmlns:xsi="http://www.w3.org/2001/XMLSchema-instance" xsi:noNamespaceSchemaLocation="urn:magento:framework:Event/etc/events.xsd">
    <event name="controller_action_predispatch_catalog_product_save">
        <observer name="mageinn_hint_product_update" instance="Mageinn\Hint\Model\Observer\UpdateProduct" />
    </event>
    <event name="controller_action_predispatch_catalog_product_attribute_save">
        <observer name="mageinn_hint_attribute_update" instance="Mageinn\Hint\Model\Observer\UpdateAttribute" />
    </event>
    <event name="controller_action_predispatch_catalog_product_attribute_delete">
        <observer name="mageinn_hint_attribute_delete" instance="Mageinn\Hint\Model\Observer\DeleteAttribute" />
    </event>
</config>